#Chr,Start,End,Direct,Sample
1,6904858,6904935,hete_ler,Sample_14
1,13471918,13472065,ler_hete,Sample_14
1,23342211,23342339,hete_col,Sample_14
2,184151,184365,hete_col,Sample_14
2,1198664,1198743,col_hete,Sample_14
2,1211197,1211337,hete_col,Sample_14
2,2085882,2089521,col_hete,Sample_14
2,2123406,2126276,hete_col,Sample_14
2,3198810,3198817,col_hete,Sample_14
2,3210507,3210555,hete_col,Sample_14
2,3624397,3625023,col_hete,Sample_14
2,3644724,3644758,hete_col,Sample_14
2,3845953,3846237,col_hete,Sample_14
2,3896035,3896049,hete_col,Sample_14
2,4862345,4863752,col_hete,Sample_14
2,4914422,4914492,hete_col,Sample_14
2,5471716,5473269,col_hete,Sample_14
2,5500075,5506920,hete_col,Sample_14
2,5886278,5888066,col_hete,Sample_14
2,5899901,5899913,hete_col,Sample_14
2,6113286,6113302,col_hete,Sample_14
2,6124595,6124726,hete_col,Sample_14
2,9539526,9539640,col_hete,Sample_14
3,2392644,2394408,col_hete,Sample_14
4,147422,148872,hete_ler,Sample_14
4,3678125,3678412,ler_hete,Sample_14
4,3691133,3691456,hete_ler,Sample_14
4,3938532,3938622,ler_hete,Sample_14
4,3963396,3963467,hete_ler,Sample_14
4,4132538,4132638,ler_hete,Sample_14
4,4173213,4173216,hete_ler,Sample_14
4,4274898,4274950,ler_hete,Sample_14
4,4285113,4285253,hete_ler,Sample_14
4,4492936,4493295,ler_hete,Sample_14
4,4503821,4503836,hete_ler,Sample_14
4,9490885,9490901,ler_hete,Sample_14
4,9503468,9503550,hete_ler,Sample_14
4,11113202,11113227,ler_hete,Sample_14
4,11125424,11127623,hete_ler,Sample_14
4,11240145,11240339,ler_hete,Sample_14
4,17268387,17268405,hete_col,Sample_14
5,18006503,18008966,hete_ler,Sample_14
5,22264087,22264157,ler_hete,Sample_14
1,2849753,2849776,col_hete,Sample_18
1,14334419,14335397,hete_col,Sample_18
1,15502135,15502196,col_hete,Sample_18
1,15651235,15651380,hete_col,Sample_18
1,15715227,15715267,col_hete,Sample_18
1,16151666,16151902,hete_ler,Sample_18
1,17694093,17695111,ler_hete,Sample_18
1,26220390,26220999,hete_ler,Sample_18
2,3864516,3865117,hete_col,Sample_18
2,3896089,3896455,col_hete,Sample_18
2,5886224,5886278,hete_col,Sample_18
2,5900094,5900201,col_hete,Sample_18
2,7048720,7048752,hete_col,Sample_18
2,7175942,7179139,col_hete,Sample_18
3,9760510,9760895,hete_col,Sample_18
3,12949820,12949843,col_hete,Sample_18
3,12981706,12981715,hete_col,Sample_18
3,13247723,13247734,col_hete,Sample_18
3,13260422,13260437,hete_col,Sample_18
3,13805182,13805237,col_hete,Sample_18
3,13822650,13822690,hete_col,Sample_18
3,14272972,14272978,col_hete,Sample_18
3,14285336,14285403,hete_col,Sample_18
3,14943676,14943901,col_hete,Sample_18
4,4375044,4375186,hete_col,Sample_18
4,4511603,4511617,col_hete,Sample_18
4,10139586,10141233,hete_col,Sample_18
5,9000258,9000347,hete_ler,Sample_18
5,18659471,18661327,ler_hete,Sample_18
1,3938146,3988319,ler_col,Sample_19
1,4020658,4027386,col_ler,Sample_19
1,15037836,15037851,ler_col,Sample_19
1,15088308,15088949,col_ler,Sample_19
1,15731587,15731625,ler_col,Sample_19
1,15792549,15816501,col_ler,Sample_19
2,920732,920740,hete_col,Sample_19
2,3198810,3198817,col_hete,Sample_19
2,3232104,3234297,hete_col,Sample_19
2,18321925,18322077,col_hete,Sample_19
3,11625038,11625085,hete_col,Sample_19
3,11648433,11648548,col_hete,Sample_19
3,12898343,12898419,hete_col,Sample_19
3,12969857,12969888,col_hete,Sample_19
3,13248595,13248656,hete_col,Sample_19
3,13271433,13271492,col_hete,Sample_19
3,13437068,13437087,hete_col,Sample_19
3,13449886,13449891,col_hete,Sample_19
3,13922080,13922106,hete_col,Sample_19
3,13965324,13965364,col_hete,Sample_19
3,13991296,13991430,hete_col,Sample_19
3,14048568,14048736,col_hete,Sample_19
3,14326101,14326138,hete_col,Sample_19
3,14408124,14408432,col_hete,Sample_19
3,14572933,14572970,hete_col,Sample_19
3,14671901,14671916,col_hete,Sample_19
3,15433058,15433098,hete_col,Sample_19
3,15483833,15483908,col_hete,Sample_19
3,18250250,18250546,hete_col,Sample_19
3,22541535,22541774,col_hete,Sample_19
3,22579657,22579700,hete_col,Sample_19
4,7253399,7254097,col_hete,Sample_19
5,9410734,9411153,hete_col,Sample_19
5,11192653,11192844,col_hete,Sample_19
5,11227648,11231462,hete_col,Sample_19
1,3938146,3988319,hete_col,Sample_20
1,4020658,4027386,col_hete,Sample_20
1,12401851,12401886,hete_col,Sample_20
1,12415390,12415631,col_hete,Sample_20
1,14448392,14448415,hete_col,Sample_20
1,15073238,15073292,col_hete,Sample_20
1,15672785,15672811,hete_col,Sample_20
1,15748086,15758362,col_hete,Sample_20
1,21746070,21746077,hete_col,Sample_20
1,21761540,21761675,col_hete,Sample_20
2,5885087,5885153,hete_col,Sample_20
2,5900204,5900262,col_hete,Sample_20
2,6669340,6669365,hete_col,Sample_20
2,6682778,6682875,col_hete,Sample_20
2,12409797,12409920,hete_col,Sample_20
3,3523957,3524600,col_hete,Sample_20
3,11285491,11285987,hete_col,Sample_20
3,12898868,12903786,col_hete,Sample_20
3,12952047,12952115,hete_col,Sample_20
3,12971146,12971161,col_hete,Sample_20
3,12981758,12981981,hete_col,Sample_20
3,14272589,14272972,col_hete,Sample_20
3,14284495,14284904,hete_col,Sample_20
3,14582293,14582400,col_hete,Sample_20
3,14633707,14633766,hete_col,Sample_20
4,4339744,4339765,ler_col,Sample_20
4,4486698,4486852,col_ler,Sample_20
4,8620505,8620685,ler_hete,Sample_20
5,2753060,2754983,ler_hete,Sample_20
5,8098626,8101335,hete_col,Sample_20
5,11189612,11189642,col_hete,Sample_20
5,11227363,11227443,hete_col,Sample_20
5,25560245,25560903,col_hete,Sample_20
1,8936911,8937208,ler_hete,Sample_21
1,10573243,10573939,hete_col,Sample_21
1,15673141,15673144,col_hete,Sample_21
1,15716273,15716308,hete_col,Sample_21
2,3210128,3210171,hete_col,Sample_21
2,3234536,3234560,col_hete,Sample_21
2,8238314,8239802,hete_col,Sample_21
3,14475590,14475646,ler_col,Sample_21
3,14535163,14539116,col_ler,Sample_21
4,7436521,7436801,ler_hete,Sample_21
4,8537377,8539316,hete_col,Sample_21
5,24894746,24895070,hete_ler,Sample_21
1,15703214,15703230,col_hete,Sample_4
1,15731742,15731773,hete_col,Sample_4
1,23890668,23891656,col_hete,Sample_4
2,712904,713091,hete_col,Sample_4
2,737373,737531,col_hete,Sample_4
2,1074034,1074607,hete_col,Sample_4
2,1199638,1199679,col_hete,Sample_4
2,1211181,1211197,hete_col,Sample_4
2,3199377,3204599,col_hete,Sample_4
2,3468175,3500638,hete_col,Sample_4
2,5886278,5888066,col_hete,Sample_4
2,5900094,5900201,hete_col,Sample_4
2,6113441,6113452,col_hete,Sample_4
2,6128906,6128971,hete_col,Sample_4
2,17429340,17430081,col_hete,Sample_4
3,13452971,13452981,ler_col,Sample_4
3,13481467,13482098,col_ler,Sample_4
3,14508639,14508678,ler_col,Sample_4
3,14535163,14539116,col_ler,Sample_4
3,17041455,17046194,ler_col,Sample_4
3,17078147,17078169,col_ler,Sample_4
3,17516102,17516359,ler_hete,Sample_4
4,527220,527645,col_hete,Sample_4
4,4211955,4211974,hete_col,Sample_4
4,4227915,4229697,col_hete,Sample_4
4,10584956,10585236,hete_ler,Sample_4
4,16316486,16316495,ler_hete,Sample_4
5,10184823,10185016,col_hete,Sample_4
5,10960711,10960865,hete_col,Sample_4
5,10976427,10976445,col_hete,Sample_4
5,13703999,13704050,hete_col,Sample_4
5,13774335,13774435,col_hete,Sample_4
5,14018042,14018145,hete_col,Sample_4
5,14039239,14039243,col_hete,Sample_4
5,15911094,15911099,hete_ler,Sample_4
1,14449136,14451178,hete_col,Sample_5
1,15037851,15053861,col_hete,Sample_5
1,15673124,15673139,hete_col,Sample_5
1,15724730,15725013,col_hete,Sample_5
1,24711347,24711613,hete_col,Sample_5
1,25324750,25330936,col_hete,Sample_5
2,1198832,1198867,col_hete,Sample_5
2,1211337,1219219,hete_col,Sample_5
2,2085882,2089521,col_hete,Sample_5
2,2111451,2112280,hete_col,Sample_5
2,2313570,2313749,col_hete,Sample_5
2,5886278,5888066,hete_col,Sample_5
2,5900094,5900201,col_hete,Sample_5
2,16247636,16248530,hete_col,Sample_5
3,7992515,7993232,hete_col,Sample_5
3,9613060,9613273,col_hete,Sample_5
3,9625372,9625382,hete_col,Sample_5
3,12920227,12920338,col_hete,Sample_5
3,12981758,12981981,hete_col,Sample_5
3,13077498,13078772,col_hete,Sample_5
3,13092013,13092021,hete_col,Sample_5
3,13189317,13189322,col_hete,Sample_5
3,13213273,13213350,hete_col,Sample_5
3,13453545,13454948,col_hete,Sample_5
3,13477253,13481098,hete_col,Sample_5
3,13897989,13898018,col_hete,Sample_5
3,13918616,13919309,hete_col,Sample_5
3,13947214,13948535,col_hete,Sample_5
3,13963957,13963991,hete_col,Sample_5
3,13992441,13992481,col_hete,Sample_5
3,14016535,14016544,hete_col,Sample_5
3,14272589,14272972,col_hete,Sample_5
3,14285403,14287183,hete_col,Sample_5
3,14472546,14474757,col_hete,Sample_5
3,14535134,14535163,hete_col,Sample_5
3,14573747,14579292,col_hete,Sample_5
3,14598522,14598533,hete_col,Sample_5
3,14635102,14635119,col_hete,Sample_5
3,14672085,14672334,hete_col,Sample_5
3,17046250,17046271,col_hete,Sample_5
3,17060832,17060879,hete_col,Sample_5
3,19080572,19081008,col_hete,Sample_5
3,22521783,22534244,hete_col,Sample_5
3,22580240,22593274,col_hete,Sample_5
4,188928,189437,col_hete,Sample_5
5,7027188,7027324,hete_col,Sample_5
5,7039543,7039679,col_hete,Sample_5
5,10264320,10264946,hete_ler,Sample_5
5,10959567,10960170,ler_hete,Sample_5
5,10975919,10975922,hete_ler,Sample_5
5,13440122,13440133,ler_hete,Sample_5
5,13453305,13453312,hete_ler,Sample_5
1,15935899,15936557,hete_ler,Sample_6
2,9348755,9350091,hete_col,Sample_6
2,10592686,10592720,col_hete,Sample_6
2,10608008,10608061,hete_col,Sample_6
2,17667835,17668943,col_hete,Sample_6
3,7495780,7496138,ler_hete,Sample_6
4,13247920,13248329,hete_ler,Sample_6
4,13532247,13532375,ler_hete,Sample_6
4,13592427,13612527,hete_ler,Sample_6
5,16389002,16389821,hete_col,Sample_6
5,26251980,26252388,col_hete,Sample_6
1,3938146,3988319,hete_col,Sample_7
1,4020658,4027386,col_hete,Sample_7
1,12401937,12402082,hete_col,Sample_7
1,12415390,12415631,col_hete,Sample_7
1,15731674,15731682,hete_col,Sample_7
1,15741884,15743848,col_hete,Sample_7
1,16415548,16415770,hete_ler,Sample_7
1,18969793,18969812,ler_hete,Sample_7
1,19007991,19025141,hete_ler,Sample_7
1,25311843,25312144,ler_hete,Sample_7
2,56595,57502,hete_col,Sample_7
2,587036,587226,col_hete,Sample_7
2,18892183,18893241,hete_col,Sample_7
3,5337614,5338192,col_hete,Sample_7
3,21004720,21005786,hete_col,Sample_7
3,21745308,21746413,col_hete,Sample_7
4,4354813,4354817,hete_col,Sample_7
4,4375195,4375976,col_hete,Sample_7
4,5245957,5246660,hete_ler,Sample_7
4,11111068,11111112,ler_hete,Sample_7
4,11125424,11127623,hete_ler,Sample_7
4,13532247,13532375,ler_hete,Sample_7
4,13612657,13613096,hete_ler,Sample_7
5,7975368,7975543,hete_col,Sample_7
5,10047841,10050032,col_hete,Sample_7
5,10064600,10064632,hete_col,Sample_7
5,10347268,10350403,col_hete,Sample_7
5,10377792,10377930,hete_col,Sample_7
5,11176055,11176306,col_hete,Sample_7
5,11227648,11231462,hete_col,Sample_7
5,13537345,13537762,col_hete,Sample_7
5,13551618,13552766,hete_col,Sample_7
1,1461286,1461848,col_hete,Sample_8
1,3989350,3989375,hete_col,Sample_8
1,4028320,4028445,col_hete,Sample_8
1,11706505,11706544,hete_col,Sample_8
1,11726188,11726241,col_hete,Sample_8
1,12025089,12030018,hete_col,Sample_8
1,12064495,12064637,col_hete,Sample_8
1,14151103,14151252,hete_col,Sample_8
1,14169437,14169489,col_hete,Sample_8
1,15025414,15033574,hete_col,Sample_8
1,15076730,15077276,col_hete,Sample_8
1,16822220,16822428,hete_col,Sample_8
1,16833441,16833445,col_hete,Sample_8
1,19270270,19270614,hete_col,Sample_8
1,28454347,28455290,col_hete,Sample_8
2,2960023,2960099,hete_col,Sample_8
2,3204747,3205011,col_hete,Sample_8
2,3304164,3468175,hete_col,Sample_8
2,3605057,3605062,col_hete,Sample_8
2,3642922,3642981,hete_col,Sample_8
2,10805087,10806018,col_hete,Sample_8
2,11618022,11618073,hete_col,Sample_8
2,11644821,11644923,col_hete,Sample_8
3,10403175,10403227,hete_col,Sample_8
3,10424048,10424554,col_hete,Sample_8
3,10541585,10542265,hete_col,Sample_8
3,10573364,10573729,col_hete,Sample_8
3,10908821,10908890,hete_col,Sample_8
3,10950702,10950730,col_hete,Sample_8
3,12848805,12848816,hete_col,Sample_8
3,12867945,12867950,col_hete,Sample_8
3,13236115,13236338,hete_col,Sample_8
3,13247311,13247524,col_hete,Sample_8
3,14325595,14325813,hete_col,Sample_8
3,14420215,14426301,col_hete,Sample_8
3,14582293,14582400,hete_col,Sample_8
3,14622735,14622752,col_hete,Sample_8
3,16404729,16405162,hete_col,Sample_8
3,16421269,16421314,col_hete,Sample_8
3,16604367,16604414,hete_ler,Sample_8
4,589673,589734,hete_col,Sample_8
4,604018,604136,col_hete,Sample_8
4,4354612,4354711,hete_col,Sample_8
4,4377241,4377258,col_hete,Sample_8
4,5012397,5012519,hete_col,Sample_8
4,5037489,5039094,col_hete,Sample_8
4,5274078,5274136,hete_col,Sample_8
4,5284838,5284906,col_hete,Sample_8
4,7561327,7561360,hete_col,Sample_8
4,7582086,7582236,col_hete,Sample_8
4,8083272,8083299,hete_ler,Sample_8
4,8106113,8107567,ler_hete,Sample_8
4,18202569,18202746,hete_ler,Sample_8
5,3253369,3253885,hete_col,Sample_8
5,11182169,11182625,col_hete,Sample_8
5,11227363,11227443,hete_col,Sample_8
5,16145978,16146023,col_hete,Sample_8
1,13116026,13116046,ler_hete,Sample_c41
1,25024188,25024195,hete_ler,Sample_c41
2,2074153,2085882,ler_hete,Sample_c41
2,7228815,7229083,hete_col,Sample_c41
3,16209112,16209144,hete_col,Sample_c41
3,16262612,16263131,col_hete,Sample_c41
4,5715367,5715492,hete_ler,Sample_c41
4,17470516,17471258,ler_hete,Sample_c41
5,8992363,8992438,hete_ler,Sample_c41
5,15412769,15413068,ler_hete,Sample_c41
1,3989375,4007704,col_hete,Sample_c42
1,4020658,4027386,hete_col,Sample_c42
1,9951023,9951854,col_hete,Sample_c42
1,11107706,11108600,hete_ler,Sample_c42
1,12818018,12818395,ler_col,Sample_c42
1,12840037,12843735,col_ler,Sample_c42
1,13949313,13949380,ler_hete,Sample_c42
1,13962903,13963313,hete_ler,Sample_c42
1,15449391,15449456,ler_hete,Sample_c42
1,15460159,15460206,hete_ler,Sample_c42
1,17606335,17606337,ler_hete,Sample_c42
1,20646891,20650835,hete_col,Sample_c42
2,18373784,18374034,hete_ler,Sample_c42
3,9613060,9613273,col_hete,Sample_c42
3,9625372,9625382,hete_col,Sample_c42
3,10832181,10832293,col_hete,Sample_c42
4,1238522,1239222,ler_hete,Sample_c42
4,1450838,1451099,hete_col,Sample_c42
4,1462430,1464311,col_hete,Sample_c42
4,8607021,8608007,hete_col,Sample_c42
4,14342291,14345835,col_hete,Sample_c42
5,6446631,6446928,col_hete,Sample_c42
5,10336838,10337129,hete_col,Sample_c42
5,10356295,10365644,col_hete,Sample_c42
5,22277339,22277498,hete_col,Sample_c42
1,15037851,15053861,hete_col,Sample_c45
1,15069056,15069084,col_hete,Sample_c45
2,1195832,1198628,col_hete,Sample_c45
2,1211337,1219219,hete_col,Sample_c45
2,2666761,2677675,col_hete,Sample_c45
2,2688830,2689687,hete_col,Sample_c45
2,3204747,3205011,col_hete,Sample_c45
2,3500638,3514425,hete_col,Sample_c45
2,3905588,3905758,col_hete,Sample_c45
2,3918644,3918690,hete_col,Sample_c45
2,4865225,4865235,col_hete,Sample_c45
2,4925084,4925269,hete_col,Sample_c45
2,5469733,5469792,col_hete,Sample_c45
2,5491885,5492025,hete_col,Sample_c45
2,5886278,5888066,col_hete,Sample_c45
2,5900094,5900201,hete_col,Sample_c45
2,10593666,10593781,col_hete,Sample_c45
2,10607689,10608008,hete_col,Sample_c45
2,19009776,19010630,col_hete,Sample_c45
3,4274893,4275088,col_hete,Sample_c45
3,4288934,4288947,hete_col,Sample_c45
3,9613273,9613284,col_hete,Sample_c45
3,9625308,9625365,hete_col,Sample_c45
3,10710122,10710248,col_hete,Sample_c45
4,323642,323953,hete_ler,Sample_c45
4,900554,900932,ler_hete,Sample_c45
5,1491056,1491157,hete_ler,Sample_c45
5,10959567,10960170,ler_hete,Sample_c45
5,10975919,10975922,hete_ler,Sample_c45
5,11002779,11002883,ler_hete,Sample_c45
5,11017761,11017774,hete_ler,Sample_c45
5,13440122,13440133,ler_hete,Sample_c45
5,13460239,13460249,hete_ler,Sample_c45
5,14281954,14282057,ler_hete,Sample_c45
1,3938146,3988319,ler_hete,Sample_c47
1,4027386,4027629,hete_ler,Sample_c47
1,9131836,9132266,ler_hete,Sample_c47
1,12667539,12667557,hete_col,Sample_c47
1,12685091,12685107,col_hete,Sample_c47
1,14448392,14448415,hete_col,Sample_c47
1,14892177,14913896,col_hete,Sample_c47
1,15672723,15672785,hete_col,Sample_c47
1,15716308,15724663,col_hete,Sample_c47
1,24878671,24879216,hete_col,Sample_c47
1,24894096,24894103,col_hete,Sample_c47
1,27997785,27998735,hete_ler,Sample_c47
2,2665387,2665419,hete_col,Sample_c47
2,2689687,2689706,col_hete,Sample_c47
2,5222384,5222394,hete_col,Sample_c47
2,5253527,5253543,col_hete,Sample_c47
2,6113302,6113392,hete_col,Sample_c47
2,6119193,6119228,col_hete,Sample_c47
2,10873169,10873875,hete_ler,Sample_c47
2,10874532,10880349,ler_hete,Sample_c47
3,11304277,11304687,hete_col,Sample_c47
3,12949931,12949955,col_hete,Sample_c47
3,12981715,12981758,hete_col,Sample_c47
3,13897652,13897696,col_hete,Sample_c47
3,13919389,13919586,hete_col,Sample_c47
3,13997721,13997779,col_hete,Sample_c47
3,14033787,14033835,hete_col,Sample_c47
3,14272589,14272972,col_hete,Sample_c47
3,14285325,14285336,hete_col,Sample_c47
3,14474757,14474766,col_hete,Sample_c47
3,14535068,14535117,hete_col,Sample_c47
3,14634195,14634198,col_hete,Sample_c47
3,14675528,14676444,hete_col,Sample_c47
4,1027823,1028832,hete_ler,Sample_c47
4,4399735,4399756,ler_col,Sample_c47
4,4486329,4486502,col_ler,Sample_c47
4,11752442,11752653,ler_hete,Sample_c47
5,2758529,2758790,hete_col,Sample_c47
5,10368118,10368119,col_hete,Sample_c47
5,10960711,10960865,hete_col,Sample_c47
5,10975922,10975984,col_hete,Sample_c47
5,12714791,12714795,hete_col,Sample_c47
5,12773721,12773918,col_hete,Sample_c47
1,3938146,3988319,col_hete,Sample_c48
1,4020658,4027386,hete_col,Sample_c48
1,4621219,4621823,col_hete,Sample_c48
1,9971066,9971582,hete_col,Sample_c48
1,13949180,13949197,col_hete,Sample_c48
1,13960937,13961667,hete_col,Sample_c48
1,14455234,14455423,col_hete,Sample_c48
1,15081382,15087097,hete_col,Sample_c48
1,15652513,15654526,col_hete,Sample_c48
1,15725271,15725367,hete_col,Sample_c48
1,16942773,16943768,col_hete,Sample_c48
1,16959841,16959894,hete_col,Sample_c48
1,17366793,17366949,col_hete,Sample_c48
2,12247121,12247239,hete_ler,Sample_c48
3,10875375,10875442,ler_hete,Sample_c48
3,13897344,13897404,hete_col,Sample_c48
3,13919599,13919803,col_hete,Sample_c48
3,14509048,14520013,hete_col,Sample_c48
3,14535163,14539116,col_hete,Sample_c48
3,19605766,19606045,hete_col,Sample_c48
3,22513376,22514232,col_hete,Sample_c48
3,22580240,22593274,hete_col,Sample_c48
4,16846244,16848579,hete_col,Sample_c48
5,15762288,15762639,hete_col,Sample_c48
1,5450237,5450744,hete_ler,Sample_c51
1,15037836,15037851,ler_col,Sample_c51
1,15059040,15059493,col_ler,Sample_c51
1,16739506,16742447,ler_hete,Sample_c51
1,16757812,16764514,hete_ler,Sample_c51
1,20210912,20212941,ler_hete,Sample_c51
2,56595,57502,hete_col,Sample_c51
2,1198832,1198867,col_hete,Sample_c51
2,1211337,1219219,hete_col,Sample_c51
2,2085882,2089521,col_hete,Sample_c51
2,2123406,2126276,hete_col,Sample_c51
2,3198783,3198807,col_hete,Sample_c51
2,3235059,3304164,hete_col,Sample_c51
2,3604375,3604394,col_hete,Sample_c51
2,3643608,3643656,hete_col,Sample_c51
2,3862360,3862820,col_hete,Sample_c51
2,3918644,3918690,hete_col,Sample_c51
2,4864194,4864271,col_hete,Sample_c51
2,4915745,4918894,hete_col,Sample_c51
2,5477088,5481098,col_hete,Sample_c51
2,5491504,5491543,hete_col,Sample_c51
2,5888883,5889236,col_hete,Sample_c51
2,5900036,5900094,hete_col,Sample_c51
2,6113441,6113452,col_hete,Sample_c51
2,6124507,6124518,hete_col,Sample_c51
2,10592720,10592810,col_hete,Sample_c51
2,10608655,10608928,hete_col,Sample_c51
3,20904610,20906034,hete_col,Sample_c51
3,22514813,22514926,col_hete,Sample_c51
3,22580240,22593274,hete_col,Sample_c51
4,5247294,5247922,hete_ler,Sample_c51
4,11117935,11118039,ler_hete,Sample_c51
4,11128147,11128643,hete_ler,Sample_c51
4,13532184,13532242,ler_hete,Sample_c51
4,13592427,13612527,hete_ler,Sample_c51
5,21068163,21068620,hete_ler,Sample_c51
5,21557545,21557691,ler_hete,Sample_c51
1,1549045,1549147,col_hete,Sample_c52
1,27851917,27853564,hete_ler,Sample_c52
2,431023,431966,ler_hete,Sample_c52
2,1139693,1139893,hete_col,Sample_c52
2,1198664,1198743,col_hete,Sample_c52
2,1211337,1219219,hete_col,Sample_c52
2,3174435,3174588,col_hete,Sample_c52
2,3500638,3514425,hete_col,Sample_c52
2,3604375,3604394,col_hete,Sample_c52
2,3640641,3640700,hete_col,Sample_c52
2,3845845,3845953,col_hete,Sample_c52
2,3917697,3917737,hete_col,Sample_c52
2,4861187,4861983,col_hete,Sample_c52
2,4925269,4925276,hete_col,Sample_c52
2,5243708,5250766,col_hete,Sample_c52
2,5261753,5282847,hete_col,Sample_c52
2,5470274,5470276,col_hete,Sample_c52
2,5500075,5506920,hete_col,Sample_c52
2,5886278,5888066,col_hete,Sample_c52
2,5900094,5900201,hete_col,Sample_c52
2,6113467,6113491,col_hete,Sample_c52
2,6124595,6124726,hete_col,Sample_c52
2,10592223,10592443,col_hete,Sample_c52
2,10608181,10608187,hete_col,Sample_c52
2,11548264,11548903,col_hete,Sample_c52
3,3583916,3585416,col_hete,Sample_c52
3,7577277,7577648,hete_ler,Sample_c52
3,12073902,12073923,ler_hete,Sample_c52
3,12100806,12100886,hete_ler,Sample_c52
3,12523087,12523191,ler_hete,Sample_c52
3,12534078,12534391,hete_ler,Sample_c52
3,12547883,12547889,ler_hete,Sample_c52
3,12569957,12570546,hete_ler,Sample_c52
3,13247636,13247701,ler_hete,Sample_c52
3,13259435,13259443,hete_ler,Sample_c52
3,14273313,14273364,ler_hete,Sample_c52
3,14283367,14283497,hete_ler,Sample_c52
3,14845331,14845574,ler_hete,Sample_c52
3,14866172,14866255,hete_ler,Sample_c52
3,21931597,21931613,ler_hete,Sample_c52
5,566466,568761,col_hete,Sample_c52
5,14118225,14118231,hete_col,Sample_c52
1,9261289,9276879,ler_hete,Sample_c54
2,8532111,8532366,hete_ler,Sample_c54
3,11040124,11040176,col_hete,Sample_c54
1,1529544,1529592,hete_ler,Sample_c57
1,3938146,3988319,ler_hete,Sample_c57
1,4027386,4027629,hete_ler,Sample_c57
1,9486668,9486812,ler_hete,Sample_c57
1,25721676,25721912,hete_col,Sample_c57
2,4519018,4519122,ler_hete,Sample_c57
2,17767586,17767984,hete_col,Sample_c57
3,7683834,7684228,hete_col,Sample_c57
3,9010952,9011964,col_hete,Sample_c57
3,22744041,22744042,hete_col,Sample_c57
5,25120453,25120537,hete_ler,Sample_c57
1,16713057,16713540,col_hete,Sample_c61
1,16739506,16742447,hete_col,Sample_c61
1,16756580,16757292,col_hete,Sample_c61
1,16942773,16943768,hete_col,Sample_c61
1,16960221,16962300,col_hete,Sample_c61
1,25950755,25953532,hete_ler,Sample_c61
2,3198810,3198817,col_hete,Sample_c61
2,3232104,3234297,hete_col,Sample_c61
3,4274893,4275088,hete_col,Sample_c61
3,4288947,4289139,col_hete,Sample_c61
3,8932155,8932553,hete_col,Sample_c61
3,12970917,12971086,col_hete,Sample_c61
3,12981758,12981981,hete_col,Sample_c61
3,13202024,13202043,col_hete,Sample_c61
3,13212099,13212124,hete_col,Sample_c61
3,19476752,19478107,col_hete,Sample_c61
3,22518687,22518692,hete_col,Sample_c61
3,22580240,22593274,col_hete,Sample_c61
4,4358139,4358193,col_hete,Sample_c61
4,4375195,4375976,hete_col,Sample_c61
5,7027188,7027324,hete_col,Sample_c61
5,7039146,7039323,col_hete,Sample_c61
5,10047808,10047841,hete_col,Sample_c61
5,10064789,10065396,col_hete,Sample_c61
5,10347268,10350403,hete_col,Sample_c61
5,10373682,10374110,col_hete,Sample_c61
5,12319069,12320222,hete_col,Sample_c61
5,12434880,12434936,col_hete,Sample_c61
5,12706127,12708587,hete_col,Sample_c61
5,12792565,12795007,col_hete,Sample_c61
5,13537345,13537762,hete_col,Sample_c61
5,13551618,13552766,col_hete,Sample_c61
5,25454233,25454602,hete_col,Sample_c61
1,4867069,4867868,hete_col,Sample_c62
1,12402082,12402143,col_hete,Sample_c62
1,12415390,12415631,hete_col,Sample_c62
1,15680880,15681217,col_hete,Sample_c62
1,15743848,15746369,hete_col,Sample_c62
1,25615810,25616198,col_hete,Sample_c62
2,774416,778011,hete_col,Sample_c62
2,1995826,1996603,col_hete,Sample_c62
2,2008771,2011106,hete_col,Sample_c62
2,3174625,3174692,col_hete,Sample_c62
2,3232104,3234297,hete_col,Sample_c62
2,5477088,5481098,col_hete,Sample_c62
2,5491885,5492025,hete_col,Sample_c62
2,5886278,5888066,col_hete,Sample_c62
2,5900094,5900201,hete_col,Sample_c62
2,6113441,6113452,col_hete,Sample_c62
2,6128906,6128971,hete_col,Sample_c62
3,4274893,4275088,hete_col,Sample_c62
3,4288947,4289139,col_hete,Sample_c62
3,12898868,12903786,hete_col,Sample_c62
3,12952444,12952624,col_hete,Sample_c62
3,13453545,13454948,hete_col,Sample_c62
3,13481123,13481467,col_hete,Sample_c62
3,13897344,13897404,hete_col,Sample_c62
3,13919599,13919803,col_hete,Sample_c62
3,13947214,13948535,hete_col,Sample_c62
3,13964105,13965270,col_hete,Sample_c62
3,13992128,13992393,hete_col,Sample_c62
3,14048386,14048441,col_hete,Sample_c62
3,14474828,14474854,hete_col,Sample_c62
3,14535163,14539116,col_hete,Sample_c62
3,14573280,14573307,hete_col,Sample_c62
3,14671601,14671709,col_hete,Sample_c62
3,17041455,17046194,hete_col,Sample_c62
3,17060879,17078007,col_hete,Sample_c62
4,3677360,3678108,col_hete,Sample_c62
4,3689410,3689424,hete_col,Sample_c62
4,4341177,4341526,col_hete,Sample_c62
4,4382450,4382814,hete_col,Sample_c62
4,4439059,4441991,col_hete,Sample_c62
4,4487254,4489583,hete_col,Sample_c62
4,4742500,4753137,col_hete,Sample_c62
4,4768175,4768185,hete_col,Sample_c62
4,6355070,6355434,col_hete,Sample_c62
4,16742664,16742759,hete_col,Sample_c62
5,3079930,3080106,hete_ler,Sample_c62
5,10047841,10050032,ler_col,Sample_c62
5,10064789,10065396,col_ler,Sample_c62
5,10959567,10960170,ler_hete,Sample_c62
5,10975919,10975922,hete_ler,Sample_c62
5,11002166,11002498,ler_hete,Sample_c62
5,11017715,11017761,hete_ler,Sample_c62
5,13440122,13440133,ler_hete,Sample_c62
5,13460687,13461309,hete_ler,Sample_c62
5,16893876,16893926,ler_hete,Sample_c62
5,24491923,24492018,hete_ler,Sample_c62
1,7685402,7689713,hete_ler,Sample_c63
1,11291272,11291303,ler_hete,Sample_c63
1,11291621,11291651,hete_col,Sample_c63
1,11291744,11291762,col_ler,Sample_c63
1,12031856,12034024,ler_hete,Sample_c63
1,12044179,12044483,hete_ler,Sample_c63
1,13577609,13577628,ler_hete,Sample_c63
1,13581803,13581822,hete_ler,Sample_c63
1,16739506,16742447,ler_hete,Sample_c63
1,16757812,16764514,hete_ler,Sample_c63
1,19482234,19482977,ler_hete,Sample_c63
1,22579207,22579331,hete_col,Sample_c63
2,1393866,1394031,hete_col,Sample_c63
2,2058673,2071438,col_hete,Sample_c63
2,2114569,2114785,hete_col,Sample_c63
2,2678059,2678106,col_hete,Sample_c63
2,2688830,2689687,hete_col,Sample_c63
2,3198783,3198807,col_hete,Sample_c63
2,3210595,3218625,hete_col,Sample_c63
2,3599612,3604357,col_hete,Sample_c63
2,3645217,3650208,hete_col,Sample_c63
2,3837975,3845426,col_hete,Sample_c63
2,3896035,3896049,hete_col,Sample_c63
2,3907939,3907968,col_hete,Sample_c63
2,3918644,3918690,hete_col,Sample_c63
2,4863752,4864154,col_hete,Sample_c63
2,4915745,4918894,hete_col,Sample_c63
2,5366737,5366739,col_hete,Sample_c63
2,5378124,5378125,hete_col,Sample_c63
2,5469733,5469792,col_hete,Sample_c63
2,5493458,5493460,hete_col,Sample_c63
2,5886278,5888066,col_hete,Sample_c63
2,5900094,5900201,hete_col,Sample_c63
2,6113415,6113441,col_hete,Sample_c63
2,6128608,6128898,hete_col,Sample_c63
2,10592443,10592463,col_hete,Sample_c63
2,10609034,10609351,hete_col,Sample_c63
2,10734621,10735528,col_hete,Sample_c63
2,12181392,12181439,hete_ler,Sample_c63
3,5520144,5521886,hete_ler,Sample_c63
3,12073833,12073875,ler_hete,Sample_c63
3,12100886,12101144,hete_ler,Sample_c63
3,12549487,12549848,ler_hete,Sample_c63
3,12571026,12571478,hete_ler,Sample_c63
3,13246428,13246431,ler_hete,Sample_c63
3,13258673,13258679,hete_ler,Sample_c63
3,14265700,14265847,ler_hete,Sample_c63
3,14283367,14283497,hete_ler,Sample_c63
3,14552798,14552810,ler_hete,Sample_c63
3,14586189,14586196,hete_ler,Sample_c63
3,14845331,14845574,ler_hete,Sample_c63
3,14866172,14866255,hete_ler,Sample_c63
4,1891423,1891431,ler_hete,Sample_c63
4,1907165,1907171,hete_ler,Sample_c63
4,3678125,3678412,ler_hete,Sample_c63
4,3692438,3693385,hete_ler,Sample_c63
4,3945891,3946027,ler_hete,Sample_c63
4,3968165,3968543,hete_ler,Sample_c63
4,4132470,4132520,ler_hete,Sample_c63
4,4173213,4173216,hete_ler,Sample_c63
4,4272331,4272627,ler_hete,Sample_c63
4,4285076,4285113,hete_ler,Sample_c63
4,4493806,4493841,ler_hete,Sample_c63
4,4503950,4503968,hete_ler,Sample_c63
4,5256111,5256418,ler_hete,Sample_c63
5,7027639,7027675,col_hete,Sample_c63
5,7039146,7039323,hete_col,Sample_c63
5,8695591,8696192,col_hete,Sample_c63
5,16901059,16901330,hete_ler,Sample_c63
1,3938146,3988319,col_hete,Sample_c64
1,4020217,4020658,hete_col,Sample_c64
1,7884994,7885250,col_hete,Sample_c64
1,25689184,25689400,hete_col,Sample_c64
2,626651,627212,ler_hete,Sample_c64
2,3219014,3219141,hete_col,Sample_c64
2,3232104,3234297,col_hete,Sample_c64
2,6618558,6619237,hete_col,Sample_c64
2,10592151,10592223,col_hete,Sample_c64
2,10607296,10607356,hete_col,Sample_c64
2,16117349,16117872,col_hete,Sample_c64
3,5770812,5771582,hete_col,Sample_c64
3,6775942,6776517,col_hete,Sample_c64
3,16038945,16044124,hete_col,Sample_c64
3,16061198,16067313,col_hete,Sample_c64
3,16092809,16092826,hete_col,Sample_c64
3,16103292,16106551,col_hete,Sample_c64
3,16145067,16145786,hete_col,Sample_c64
3,17046194,17046240,col_hete,Sample_c64
3,17060879,17078007,hete_col,Sample_c64
4,6311646,6312078,hete_col,Sample_c64
5,7027324,7027607,col_hete,Sample_c64
5,7039146,7039323,hete_col,Sample_c64
5,9816997,9817271,col_hete,Sample_c64
5,10346161,10346715,hete_col,Sample_c64
5,10366313,10366327,col_hete,Sample_c64
5,18228289,18228426,hete_ler,Sample_c64
1,3934449,3938146,ler_col,Sample_c65
1,4020658,4027386,col_ler,Sample_c65
1,8453387,8453706,ler_hete,Sample_c65
1,12401937,12402082,hete_col,Sample_c65
1,12415390,12415631,col_hete,Sample_c65
1,28549869,28550120,hete_ler,Sample_c65
2,1995826,1996603,hete_col,Sample_c65
2,2008747,2008771,col_hete,Sample_c65
2,17107485,17107961,hete_ler,Sample_c65
3,4275088,4275093,col_hete,Sample_c65
3,4288947,4289139,hete_col,Sample_c65
3,7450364,7450711,col_hete,Sample_c65
4,3678862,3679010,ler_hete,Sample_c65
4,3691456,3691471,hete_ler,Sample_c65
4,4132441,4132470,ler_hete,Sample_c65
4,4163109,4163171,hete_ler,Sample_c65
4,5458171,5458722,ler_hete,Sample_c65
5,6673627,6673979,hete_col,Sample_c65
5,7027675,7027685,col_hete,Sample_c65
5,7039146,7039323,hete_col,Sample_c65
5,10047841,10050032,col_hete,Sample_c65
5,10064495,10064515,hete_col,Sample_c65
5,10347268,10350403,col_hete,Sample_c65
5,10377779,10377792,hete_col,Sample_c65
5,12139450,12139882,col_hete,Sample_c65
5,12153953,12154004,hete_col,Sample_c65
5,12176269,12176295,col_hete,Sample_c65
5,12193335,12193353,hete_col,Sample_c65
5,22120852,22122077,col_hete,Sample_c65
5,22434462,22435420,hete_ler,Sample_c65
1,3938146,3988319,hete_col,Sample_c66
1,4020658,4027386,col_hete,Sample_c66
1,12401923,12401937,hete_col,Sample_c66
1,12415390,12415631,col_hete,Sample_c66
1,27756345,27757862,hete_ler,Sample_c66
2,722718,723669,ler_hete,Sample_c66
2,1995826,1996603,hete_col,Sample_c66
2,2006775,2007868,col_hete,Sample_c66
2,12206901,12208266,hete_ler,Sample_c66
2,15113520,15114186,ler_hete,Sample_c66
3,3017891,3018735,hete_col,Sample_c66
3,8657776,8658238,col_hete,Sample_c66
3,22985719,22991386,hete_ler,Sample_c66
4,9897423,9897743,hete_ler,Sample_c66
4,9954300,9954348,ler_hete,Sample_c66
5,9217583,9217686,hete_col,Sample_c66
5,10050042,10050094,col_hete,Sample_c66
5,10064359,10064426,hete_col,Sample_c66
5,10347268,10350403,col_hete,Sample_c66
5,10377792,10377930,hete_col,Sample_c66
5,13537762,13537831,col_hete,Sample_c66
5,13551618,13552766,hete_col,Sample_c66
5,17927029,17927064,col_hete,Sample_c66
1,5325572,5325747,hete_col,Sample_c73
1,13949040,13949085,col_hete,Sample_c73
1,13962368,13962405,hete_col,Sample_c73
1,14583892,14584484,col_hete,Sample_c73
1,15081060,15081078,hete_col,Sample_c73
1,15437888,15437942,col_hete,Sample_c73
1,15450414,15450584,hete_col,Sample_c73
1,15681217,15690231,col_hete,Sample_c73
1,15746369,15746399,hete_col,Sample_c73
1,16943806,16944132,col_hete,Sample_c73
1,16959841,16959894,hete_col,Sample_c73
1,25696443,25696498,col_hete,Sample_c73
2,6580172,6580222,hete_col,Sample_c73
2,6606380,6607797,col_hete,Sample_c73
2,6680804,6681355,hete_ler,Sample_c73
2,6682215,6682243,ler_hete,Sample_c73
3,6272136,6272917,col_hete,Sample_c73
3,9613047,9613060,hete_col,Sample_c73
3,9625382,9625406,col_hete,Sample_c73
3,13897344,13897404,hete_col,Sample_c73
3,13916244,13916291,col_hete,Sample_c73
3,14475590,14475646,hete_col,Sample_c73
3,14535163,14539116,col_hete,Sample_c73
4,4211935,4211955,hete_col,Sample_c73
4,4224157,4226439,col_hete,Sample_c73
4,18453246,18453660,hete_ler,Sample_c73
5,22180156,22180806,hete_ler,Sample_c73
1,12004276,12004286,col_hete,Sample_c81
1,12044179,12044483,hete_col,Sample_c81
1,12401937,12402082,col_hete,Sample_c81
1,12415390,12415631,hete_col,Sample_c81
1,12455296,12455384,col_hete,Sample_c81
1,28456198,28477388,hete_col,Sample_c81
2,3219141,3220748,hete_col,Sample_c81
2,3232104,3234297,col_hete,Sample_c81
2,12022648,12101343,hete_col,Sample_c81
3,8993485,8993860,hete_ler,Sample_c81
3,11684661,11684854,ler_hete,Sample_c81
3,11700222,11700289,hete_ler,Sample_c81
3,12073902,12073923,ler_hete,Sample_c81
3,12100886,12101144,hete_ler,Sample_c81
3,12549487,12549848,ler_hete,Sample_c81
3,12569957,12570546,hete_ler,Sample_c81
3,12848542,12848581,ler_hete,Sample_c81
3,12869248,12869282,hete_ler,Sample_c81
3,13247587,13247596,ler_hete,Sample_c81
3,13259435,13259443,hete_ler,Sample_c81
3,14267202,14267222,ler_hete,Sample_c81
3,14283497,14283572,hete_ler,Sample_c81
3,14566558,14566586,ler_hete,Sample_c81
3,14579342,14579346,hete_ler,Sample_c81
3,14845331,14845574,ler_hete,Sample_c81
3,14856349,14856375,hete_ler,Sample_c81
3,16207282,16207312,ler_hete,Sample_c81
3,16219172,16219255,hete_ler,Sample_c81
4,1123212,1123281,hete_ler,Sample_c81
4,1891354,1891423,ler_hete,Sample_c81
4,1907165,1907171,hete_ler,Sample_c81
4,3678125,3678412,ler_hete,Sample_c81
4,3691133,3691456,hete_ler,Sample_c81
4,3887225,3887274,ler_hete,Sample_c81
4,3907627,3908071,hete_ler,Sample_c81
4,4132441,4132470,ler_hete,Sample_c81
4,4170414,4170442,hete_ler,Sample_c81
4,4273840,4273864,ler_hete,Sample_c81
4,4285289,4285315,hete_ler,Sample_c81
4,11110099,11110737,ler_hete,Sample_c81
4,11125424,11127623,hete_ler,Sample_c81
4,13532184,13532242,ler_hete,Sample_c81
4,13592427,13612527,hete_ler,Sample_c81
5,7010000,7010213,hete_ler,Sample_c81
5,8928308,8928446,ler_hete,Sample_c81
5,8963933,8964340,hete_ler,Sample_c81
5,10337347,10337366,ler_col,Sample_c81
5,10356295,10365644,col_ler,Sample_c81
5,10959567,10960170,ler_hete,Sample_c81
5,10975919,10975922,hete_ler,Sample_c81
5,11002166,11002498,ler_hete,Sample_c81
5,11018362,11018382,hete_ler,Sample_c81
5,12153783,12153824,ler_hete,Sample_c81
5,12166039,12166118,hete_ler,Sample_c81
5,13287923,13287934,ler_hete,Sample_c81
5,13308148,13308171,hete_ler,Sample_c81
5,13440122,13440133,ler_hete,Sample_c81
5,13454422,13454440,hete_ler,Sample_c81
5,13537345,13537762,ler_hete,Sample_c81
5,13551618,13552766,hete_ler,Sample_c81
5,25089357,25090020,ler_hete,Sample_c81
5,25435339,25435860,hete_col,Sample_c81
1,13949545,13949550,ler_hete,Sample_c82
1,13962903,13963313,hete_ler,Sample_c82
1,15681217,15690231,ler_col,Sample_c82
1,15716308,15724663,col_ler,Sample_c82
1,18956064,18962390,ler_hete,Sample_c82
1,18980314,18980316,hete_ler,Sample_c82
2,5885445,5885470,hete_col,Sample_c82
2,5900094,5900201,col_hete,Sample_c82
3,3091683,3091898,ler_hete,Sample_c82
3,8078670,8078916,hete_col,Sample_c82
3,11684862,11684969,col_hete,Sample_c82
3,11700222,11700289,hete_col,Sample_c82
3,12549487,12549848,col_hete,Sample_c82
3,12565895,12565898,hete_col,Sample_c82
3,12903841,12904872,col_hete,Sample_c82
3,12981758,12981981,hete_col,Sample_c82
3,13086534,13088149,col_hete,Sample_c82
3,13103962,13105676,hete_col,Sample_c82
3,13183019,13188905,col_hete,Sample_c82
3,13210590,13210645,hete_col,Sample_c82
3,13242593,13242605,col_hete,Sample_c82
3,13262319,13262442,hete_col,Sample_c82
3,13453545,13454948,col_hete,Sample_c82
3,13474797,13477204,hete_col,Sample_c82
3,13670382,13671511,col_hete,Sample_c82
3,13834489,13873914,hete_col,Sample_c82
3,13895731,13895744,col_hete,Sample_c82
3,13919309,13919389,hete_col,Sample_c82
3,13947214,13948535,col_hete,Sample_c82
3,13964105,13965270,hete_col,Sample_c82
3,13992441,13992481,col_hete,Sample_c82
3,14047382,14047415,hete_col,Sample_c82
3,14267202,14267222,col_hete,Sample_c82
3,14285403,14287183,hete_col,Sample_c82
3,14474757,14474766,col_hete,Sample_c82
3,14535132,14535134,hete_col,Sample_c82
3,14573280,14573307,col_hete,Sample_c82
3,14675487,14675499,hete_col,Sample_c82
3,17046194,17046240,col_hete,Sample_c82
3,17060879,17078007,hete_col,Sample_c82
4,3945891,3946027,ler_hete,Sample_c82
4,3968165,3968543,hete_ler,Sample_c82
4,4132538,4132638,ler_hete,Sample_c82
4,4163025,4163056,hete_ler,Sample_c82
4,4371893,4373337,ler_col,Sample_c82
4,4484572,4485537,col_ler,Sample_c82
4,5499382,5502079,ler_hete,Sample_c82
5,10959567,10960170,ler_hete,Sample_c82
5,10975919,10975922,hete_ler,Sample_c82
5,11360925,11360993,ler_hete,Sample_c82
5,11371539,11371595,hete_ler,Sample_c82
5,13439404,13439713,ler_hete,Sample_c82
5,13454027,13454033,hete_ler,Sample_c82
5,15395307,15395634,ler_hete,Sample_c82
5,16088889,16089430,hete_col,Sample_c82
1,15037836,15037851,hete_col,Sample_c83
1,15059493,15068649,col_hete,Sample_c83
2,56559,56595,hete_col,Sample_c83
2,1195832,1198628,col_hete,Sample_c83
2,1211337,1219219,hete_col,Sample_c83
2,2666761,2677675,col_hete,Sample_c83
2,2688830,2689687,hete_col,Sample_c83
2,3175116,3198738,col_hete,Sample_c83
2,3468175,3500638,hete_col,Sample_c83
2,3847233,3847243,col_hete,Sample_c83
2,3918001,3918031,hete_col,Sample_c83
2,4889221,4891870,col_hete,Sample_c83
2,4915745,4918894,hete_col,Sample_c83
2,5469792,5470145,col_hete,Sample_c83
2,5499485,5499493,hete_col,Sample_c83
2,5886278,5888066,col_hete,Sample_c83
2,5899913,5900032,hete_col,Sample_c83
2,6113286,6113302,col_hete,Sample_c83
2,6124595,6124726,hete_col,Sample_c83
2,9660666,9660780,col_hete,Sample_c83
3,6423373,6427060,ler_hete,Sample_c83
3,15952959,15953309,hete_col,Sample_c83
4,6094347,6094455,hete_ler,Sample_c83
4,6735645,6735864,ler_hete,Sample_c83
5,786825,786836,hete_ler,Sample_c83
5,8797643,8799633,ler_hete,Sample_c83
5,10047808,10047841,hete_col,Sample_c83
5,10059342,10059427,col_hete,Sample_c83
5,14203561,14204002,hete_col,Sample_c83
5,14215153,14215936,col_hete,Sample_c83
5,23792785,23793040,hete_col,Sample_c83
1,8175021,8175097,hete_ler,Sample_c84
1,13949040,13949085,ler_hete,Sample_c84
1,13963313,13963897,hete_ler,Sample_c84
1,15163682,15163711,ler_hete,Sample_c84
1,15187628,15187637,hete_ler,Sample_c84
1,15441905,15441949,ler_hete,Sample_c84
1,15460236,15460261,hete_ler,Sample_c84
1,16739506,16742447,ler_hete,Sample_c84
1,16757780,16757812,hete_ler,Sample_c84
1,17252628,17252655,ler_hete,Sample_c84
2,10845559,10845998,hete_col,Sample_c84
3,413440,414447,hete_ler,Sample_c84
3,12073901,12073902,ler_hete,Sample_c84
3,12100806,12100886,hete_ler,Sample_c84
3,12523087,12523191,ler_hete,Sample_c84
3,12534078,12534391,hete_ler,Sample_c84
3,12549487,12549848,ler_hete,Sample_c84
3,12571026,12571478,hete_ler,Sample_c84
3,12849347,12849359,ler_hete,Sample_c84
3,12872494,12872588,hete_ler,Sample_c84
3,13802566,13802876,ler_hete,Sample_c84
3,13828912,13828961,hete_ler,Sample_c84
3,14267452,14267479,ler_hete,Sample_c84
3,14285403,14287183,hete_ler,Sample_c84
3,14845331,14845574,ler_hete,Sample_c84
3,14866255,14866321,hete_ler,Sample_c84
3,16207312,16207325,ler_hete,Sample_c84
3,16221209,16221212,hete_ler,Sample_c84
3,22279184,22280209,ler_hete,Sample_c84
4,176314,176748,ler_hete,Sample_c84
5,757845,758043,ler_hete,Sample_c84
1,3938146,3988319,hete_col,Sample_c85
1,4020658,4027386,col_hete,Sample_c85
1,4943754,4943929,hete_col,Sample_c85
1,16945771,16945802,col_hete,Sample_c85
1,16959546,16959761,hete_col,Sample_c85
2,2255609,2255786,ler_hete,Sample_c85
2,2666352,2666651,hete_col,Sample_c85
2,2686235,2688830,col_hete,Sample_c85
2,3175116,3198738,hete_col,Sample_c85
2,3234500,3234512,col_hete,Sample_c85
2,3845845,3845953,hete_col,Sample_c85
2,3918338,3918357,col_hete,Sample_c85
2,4383210,4383229,hete_col,Sample_c85
2,4463325,4463357,col_hete,Sample_c85
2,4861187,4861983,hete_col,Sample_c85
2,4909178,4909735,col_hete,Sample_c85
2,5236901,5241852,hete_col,Sample_c85
2,5282847,5282869,col_hete,Sample_c85
2,5886224,5886278,hete_col,Sample_c85
2,5900094,5900201,col_hete,Sample_c85
2,9679384,9679423,hete_col,Sample_c85
2,15730074,15731335,col_hete,Sample_c85
3,3944442,3947449,hete_col,Sample_c85
3,13947214,13948535,col_hete,Sample_c85
3,13963957,13963991,hete_col,Sample_c85
3,14009616,14009627,col_hete,Sample_c85
3,14032573,14032583,hete_col,Sample_c85
3,16611213,16612999,col_hete,Sample_c85
3,18752897,18753349,hete_ler,Sample_c85
4,1447652,1450734,hete_col,Sample_c85
4,1462430,1464311,col_hete,Sample_c85
4,4208830,4209887,hete_col,Sample_c85
4,4230799,4230881,col_hete,Sample_c85
4,4294650,4297806,hete_col,Sample_c85
4,4308114,4309300,col_hete,Sample_c85
4,4330462,4330501,hete_col,Sample_c85
4,4484572,4485537,col_hete,Sample_c85
4,4510375,4511188,hete_col,Sample_c85
4,4524383,4526380,col_hete,Sample_c85
4,4957557,4958910,hete_col,Sample_c85
4,4994951,4996115,col_hete,Sample_c85
4,7766014,7767320,hete_col,Sample_c85
4,18294898,18295037,col_hete,Sample_c85
5,10050593,10050612,col_hete,Sample_c85
5,10064789,10065396,hete_col,Sample_c85
1,3988392,3988950,ler_hete,Sample_c87
1,4027386,4027629,hete_ler,Sample_c87
1,11764652,11766597,ler_hete,Sample_c87
1,15037836,15037851,hete_col,Sample_c87
1,15059493,15068649,col_hete,Sample_c87
1,17257964,17257970,hete_col,Sample_c87
2,56559,56595,hete_col,Sample_c87
2,1195812,1195832,col_hete,Sample_c87
2,1211337,1219219,hete_col,Sample_c87
2,2677684,2677965,col_hete,Sample_c87
2,2688830,2689687,hete_col,Sample_c87
2,3198783,3198807,col_hete,Sample_c87
2,3210595,3218625,hete_col,Sample_c87
2,3604375,3604394,col_hete,Sample_c87
2,3643821,3644054,hete_col,Sample_c87
2,3908340,3908354,col_hete,Sample_c87
2,3918644,3918690,hete_col,Sample_c87
2,4864161,4864183,col_hete,Sample_c87
2,4925084,4925269,hete_col,Sample_c87
2,5469733,5469792,col_hete,Sample_c87
2,5493458,5493460,hete_col,Sample_c87
2,5886278,5888066,col_hete,Sample_c87
2,5900094,5900201,hete_col,Sample_c87
2,6113441,6113452,col_hete,Sample_c87
2,6130500,6131612,hete_col,Sample_c87
2,10592463,10592686,col_hete,Sample_c87
2,10608061,10608177,hete_col,Sample_c87
3,17162926,17163047,hete_ler,Sample_c87
4,1891670,1891712,ler_hete,Sample_c87
4,1905069,1905136,hete_ler,Sample_c87
4,3678862,3679010,ler_hete,Sample_c87
4,3690646,3690892,hete_ler,Sample_c87
4,4132470,4132520,ler_hete,Sample_c87
4,4173213,4173216,hete_ler,Sample_c87
4,4492936,4493295,ler_hete,Sample_c87
4,4503723,4503751,hete_ler,Sample_c87
4,6735305,6735445,ler_hete,Sample_c87
5,16203014,16203233,hete_ler,Sample_c87
1,1589443,1589951,hete_ler,Sample_c88
1,3446209,3446761,ler_hete,Sample_c88
1,12324808,12326901,hete_col,Sample_c88
1,13949085,13949095,col_hete,Sample_c88
1,13962903,13963313,hete_col,Sample_c88
1,14453681,14453715,col_hete,Sample_c88
1,15073220,15073238,hete_col,Sample_c88
1,15437487,15437497,col_hete,Sample_c88
1,15467761,15478565,hete_col,Sample_c88
1,15703510,15703515,col_hete,Sample_c88
1,15790365,15790750,hete_col,Sample_c88
1,16943797,16943806,col_hete,Sample_c88
1,16959299,16959310,hete_col,Sample_c88
1,21834667,21834693,col_hete,Sample_c88
2,700790,701817,col_hete,Sample_c88
2,15885184,15886145,hete_col,Sample_c88
3,4533490,4533640,hete_ler,Sample_c88
3,9144627,9144762,ler_hete,Sample_c88
3,13897344,13897404,hete_col,Sample_c88
3,13919914,13919940,col_hete,Sample_c88
3,14476233,14476336,hete_col,Sample_c88
3,14534365,14534378,col_hete,Sample_c88
4,7325353,7326500,hete_ler,Sample_c88
4,11110939,11111035,ler_hete,Sample_c88
4,11125424,11127623,hete_ler,Sample_c88
5,16002491,16002909,hete_ler,Sample_c88
5,22772989,22773320,ler_hete,Sample_c88
5,23100287,23119076,hete_col,Sample_c88
1,3988950,3988958,hete_col,Sample_c89
1,4020658,4027386,col_hete,Sample_c89
1,4366909,4368049,hete_ler,Sample_c89
1,12004286,12009333,ler_col,Sample_c89
1,12044179,12044483,col_ler,Sample_c89
1,13948967,13949040,ler_hete,Sample_c89
1,13959627,13959710,hete_ler,Sample_c89
1,23217767,23218591,ler_hete,Sample_c89
2,1195832,1198628,ler_col,Sample_c89
2,1219219,1219247,col_ler,Sample_c89
2,3696094,3697223,ler_hete,Sample_c89
2,3707287,3707387,hete_ler,Sample_c89
2,6113302,6113392,ler_hete,Sample_c89
2,6128906,6128971,hete_ler,Sample_c89
2,6869708,6870138,ler_hete,Sample_c89
3,13995727,13995950,hete_col,Sample_c89
3,14027812,14027842,col_hete,Sample_c89
3,14623061,14623968,hete_col,Sample_c89
3,14671928,14671940,col_hete,Sample_c89
3,19699572,19699589,hete_ler,Sample_c89
4,1451099,1451121,col_hete,Sample_c89
4,1462430,1464311,hete_col,Sample_c89
4,3677360,3678108,col_hete,Sample_c89
4,3688702,3688704,hete_col,Sample_c89
4,4210984,4211222,col_hete,Sample_c89
4,4231999,4232007,hete_col,Sample_c89
4,4336508,4339186,col_hete,Sample_c89
4,4354733,4354760,hete_col,Sample_c89
4,4366385,4371139,col_hete,Sample_c89
4,4492082,4492105,hete_col,Sample_c89
4,4742500,4753137,col_hete,Sample_c89
4,4773553,4773749,hete_col,Sample_c89
4,4958910,4959996,col_hete,Sample_c89
4,4997705,4997785,hete_col,Sample_c89
4,6817855,6819258,col_hete,Sample_c89
4,12474273,12475574,hete_ler,Sample_c89
4,12870361,12871202,ler_hete,Sample_c89
5,4843743,4844482,hete_col,Sample_c89
5,7027639,7027675,col_hete,Sample_c89
5,7039146,7039323,hete_col,Sample_c89
5,10047841,10050032,col_hete,Sample_c89
5,10063581,10063595,hete_col,Sample_c89
5,10350412,10350435,col_hete,Sample_c89
5,10372107,10372326,hete_col,Sample_c89
5,11002927,11003042,col_hete,Sample_c89
5,11017715,11017761,hete_col,Sample_c89
5,11178061,11178198,col_hete,Sample_c89
5,11227648,11231462,hete_col,Sample_c89
5,12173884,12173896,col_hete,Sample_c89
5,12192004,12192038,hete_col,Sample_c89
5,13537345,13537762,col_hete,Sample_c89
5,13551503,13551618,hete_col,Sample_c89
5,21334652,21335589,col_hete,Sample_c89
1,13949040,13949085,col_hete,Sample_c90
1,13960937,13961667,hete_col,Sample_c90
1,14590272,14590545,col_hete,Sample_c90
1,15077695,15079771,hete_col,Sample_c90
1,15441723,15441755,col_hete,Sample_c90
1,15457954,15458247,hete_col,Sample_c90
1,15713702,15713734,col_hete,Sample_c90
1,15727704,15727711,hete_col,Sample_c90
1,16943797,16943806,col_hete,Sample_c90
1,16960221,16962300,hete_col,Sample_c90
1,18218745,18219990,col_hete,Sample_c90
2,112833,112950,hete_ler,Sample_c90
2,1437368,1437686,ler_hete,Sample_c90
2,4892270,4892348,hete_col,Sample_c90
2,4909150,4909177,col_hete,Sample_c90
3,9041172,9041872,col_hete,Sample_c90
3,9613000,9613016,hete_col,Sample_c90
3,9625406,9625492,col_hete,Sample_c90
3,13896525,13896540,hete_col,Sample_c90
3,13915808,13915833,col_hete,Sample_c90
3,14502096,14508639,hete_col,Sample_c90
3,14534378,14534383,col_hete,Sample_c90
4,3678125,3678412,ler_hete,Sample_c90
4,3690646,3690892,hete_ler,Sample_c90
4,4132416,4132435,ler_hete,Sample_c90
4,4164385,4164418,hete_ler,Sample_c90
4,4294650,4297806,ler_col,Sample_c90
4,4308114,4309300,col_ler,Sample_c90
4,11111455,11111534,ler_hete,Sample_c90
4,11125424,11127623,hete_ler,Sample_c90
5,10347268,10350403,hete_col,Sample_c90
5,10365646,10365661,col_hete,Sample_c90
5,10938446,10938880,hete_col,Sample_c90
5,10958293,10958812,col_hete,Sample_c90
5,11007557,11007565,hete_col,Sample_c90
5,12137583,12139427,col_hete,Sample_c90
5,12154390,12154426,hete_col,Sample_c90
5,21372279,21372338,col_hete,Sample_c90
1,3989375,4007704,ler_col,Sample_c91
1,4027386,4027629,col_ler,Sample_c91
1,8313113,8316048,ler_hete,Sample_c91
1,12401923,12401937,hete_col,Sample_c91
1,12415390,12415631,col_hete,Sample_c91
1,15731682,15731742,hete_col,Sample_c91
1,15741884,15743848,col_hete,Sample_c91
1,20363396,20364569,hete_ler,Sample_c91
1,29341706,29343390,ler_hete,Sample_c91
2,2344361,2344587,hete_ler,Sample_c91
2,3987714,3987737,ler_hete,Sample_c91
2,4000755,4000811,hete_ler,Sample_c91
2,6113392,6113415,ler_hete,Sample_c91
2,6128906,6128971,hete_ler,Sample_c91
2,10592846,10593202,ler_hete,Sample_c91
2,10603577,10603750,hete_ler,Sample_c91
2,19075800,19076087,ler_hete,Sample_c91
3,12073875,12073901,ler_hete,Sample_c91
3,12100886,12101144,hete_ler,Sample_c91
3,12523191,12523211,ler_hete,Sample_c91
3,12534078,12534391,hete_ler,Sample_c91
3,12549487,12549848,ler_hete,Sample_c91
3,12564370,12564379,hete_ler,Sample_c91
3,12848380,12848387,ler_hete,Sample_c91
3,12868419,12868422,hete_ler,Sample_c91
3,13801998,13802099,ler_hete,Sample_c91
3,13829501,13829561,hete_ler,Sample_c91
3,14267222,14267236,ler_hete,Sample_c91
3,14283367,14283497,hete_ler,Sample_c91
3,14845331,14845574,ler_hete,Sample_c91
3,14866172,14866255,hete_ler,Sample_c91
3,19416635,19416688,ler_hete,Sample_c91
3,20367127,20367553,hete_col,Sample_c91
3,22514682,22514765,col_hete,Sample_c91
3,22580240,22593274,hete_col,Sample_c91
4,7683739,7684165,hete_ler,Sample_c91
4,11110737,11110939,ler_hete,Sample_c91
4,11128147,11128643,hete_ler,Sample_c91
4,13532184,13532242,ler_hete,Sample_c91
4,13592427,13612527,hete_ler,Sample_c91
4,13652090,13652296,ler_hete,Sample_c91
5,7027688,7027707,col_hete,Sample_c91
5,7039146,7039323,hete_col,Sample_c91
5,10047841,10050032,col_hete,Sample_c91
5,10064686,10064749,hete_col,Sample_c91
5,10336789,10336838,col_hete,Sample_c91
5,10373052,10373298,hete_col,Sample_c91
5,11002166,11002498,col_hete,Sample_c91
5,11018394,11018457,hete_col,Sample_c91
5,11176055,11176306,col_hete,Sample_c91
5,11227648,11231462,hete_col,Sample_c91
5,12175470,12175601,col_hete,Sample_c91
5,12193683,12193881,hete_col,Sample_c91
5,13537345,13537762,col_hete,Sample_c91
5,13551618,13552766,hete_col,Sample_c91
5,14203561,14204002,col_hete,Sample_c91
5,14215153,14215936,hete_col,Sample_c91
5,22085263,22085496,col_hete,Sample_c91
1,269697,269783,col_hete,Sample_c92
1,6296338,6298100,hete_ler,Sample_c92
1,12616016,12616869,ler_hete,Sample_c92
1,15037836,15037851,hete_col,Sample_c92
1,15059493,15068649,col_hete,Sample_c92
2,2255874,2256015,hete_col,Sample_c92
2,3174588,3174625,col_hete,Sample_c92
2,3500638,3514425,hete_col,Sample_c92
2,3599612,3604357,col_hete,Sample_c92
2,3645006,3645061,hete_col,Sample_c92
2,3863485,3863615,col_hete,Sample_c92
2,3899058,3899195,hete_col,Sample_c92
2,4864194,4864271,col_hete,Sample_c92
2,4918912,4922320,hete_col,Sample_c92
2,5469733,5469792,col_hete,Sample_c92
2,5500017,5500051,hete_col,Sample_c92
2,5886278,5888066,col_hete,Sample_c92
2,5900036,5900094,hete_col,Sample_c92
2,6113441,6113452,col_hete,Sample_c92
2,6130430,6130500,hete_col,Sample_c92
2,10592720,10592810,col_hete,Sample_c92
2,10607296,10607356,hete_col,Sample_c92
3,14810668,14810778,hete_ler,Sample_c92
3,14845331,14845574,ler_hete,Sample_c92
3,15071530,15071583,hete_ler,Sample_c92
4,1891354,1891423,ler_hete,Sample_c92
4,1907084,1907165,hete_ler,Sample_c92
4,3680345,3680524,ler_hete,Sample_c92
4,3690892,3691011,hete_ler,Sample_c92
4,3945891,3946027,ler_hete,Sample_c92
4,3963396,3963467,hete_ler,Sample_c92
4,4132470,4132520,ler_hete,Sample_c92
4,4163978,4163983,hete_ler,Sample_c92
4,4493806,4493841,ler_hete,Sample_c92
4,4504070,4504154,hete_ler,Sample_c92
4,10862516,10863310,ler_hete,Sample_c92
4,13620052,13620217,hete_col,Sample_c92
4,13631893,13637554,col_hete,Sample_c92
4,17635911,17636710,hete_col,Sample_c92
5,9914760,9915232,ler_hete,Sample_c92
5,26184240,26184869,hete_ler,Sample_c92
1,5409251,5410031,hete_col,Sample_c93
1,13046952,13047214,col_hete,Sample_c93
1,14451178,14453681,hete_col,Sample_c93
1,15077695,15079771,col_hete,Sample_c93
1,15654997,15659202,hete_col,Sample_c93
1,15729998,15730027,col_hete,Sample_c93
1,15844063,15846863,hete_col,Sample_c93
1,15878468,15880317,col_hete,Sample_c93
1,16942721,16942732,hete_col,Sample_c93
1,16960221,16962300,col_hete,Sample_c93
1,19093944,19093986,hete_ler,Sample_c93
2,1195832,1198628,hete_col,Sample_c93
2,1210421,1210523,col_hete,Sample_c93
2,4385127,4386011,hete_col,Sample_c93
2,4493719,4493730,col_hete,Sample_c93
2,4861187,4861983,hete_col,Sample_c93
2,4900039,4900971,col_hete,Sample_c93
2,5253477,5253516,hete_col,Sample_c93
2,5287935,5292818,col_hete,Sample_c93
2,5469792,5470145,hete_col,Sample_c93
2,5485082,5485152,col_hete,Sample_c93
2,5885358,5885380,hete_col,Sample_c93
2,5900094,5900201,col_hete,Sample_c93
2,6355952,6356174,hete_col,Sample_c93
3,3942082,3942846,hete_col,Sample_c93
3,12970917,12971086,col_hete,Sample_c93
3,12981334,12981403,hete_col,Sample_c93
3,13091150,13091176,col_hete,Sample_c93
3,13103962,13105676,hete_col,Sample_c93
3,13198425,13198445,col_hete,Sample_c93
3,13210162,13210251,hete_col,Sample_c93
3,13453545,13454948,col_hete,Sample_c93
3,13474797,13477204,hete_col,Sample_c93
3,14272589,14272972,col_hete,Sample_c93
3,14284495,14284904,hete_col,Sample_c93
3,14475765,14475788,col_hete,Sample_c93
3,14535132,14535134,hete_col,Sample_c93
4,4211974,4212272,col_hete,Sample_c93
4,4229697,4229784,hete_col,Sample_c93
4,4341177,4341526,col_hete,Sample_c93
4,4352157,4352171,hete_col,Sample_c93
4,6544764,6545097,col_hete,Sample_c93
4,10527272,10527540,hete_col,Sample_c93
4,10549416,10554233,col_hete,Sample_c93
5,7027324,7027607,hete_col,Sample_c93
5,7039146,7039323,col_hete,Sample_c93
5,12137087,12137097,hete_col,Sample_c93
5,12151182,12151190,col_hete,Sample_c93
5,12706127,12708587,hete_col,Sample_c93
5,12773947,12782500,col_hete,Sample_c93
5,18520256,18524719,hete_col,Sample_c93
1,13832116,13832174,ler_hete,Sample_c94
1,13842507,13842518,hete_ler,Sample_c94
1,13948967,13949040,ler_hete,Sample_c94
1,13963313,13963897,hete_ler,Sample_c94
1,15163162,15163216,ler_hete,Sample_c94
1,15193324,15193373,hete_ler,Sample_c94
1,15437888,15437942,ler_hete,Sample_c94
1,15460236,15460261,hete_ler,Sample_c94
1,16739506,16742447,ler_hete,Sample_c94
1,16764514,16764852,hete_ler,Sample_c94
1,18919208,18956064,ler_hete,Sample_c94
1,19007991,19025141,hete_ler,Sample_c94
1,21171389,21171909,ler_hete,Sample_c94
1,26746175,26746990,hete_col,Sample_c94
2,2792466,2792477,ler_hete,Sample_c94
2,2803120,2803262,hete_ler,Sample_c94
2,4604394,4604677,ler_hete,Sample_c94
2,4616129,4616145,hete_ler,Sample_c94
2,4754479,4755003,ler_hete,Sample_c94
2,4766263,4766485,hete_ler,Sample_c94
2,6113302,6113392,ler_hete,Sample_c94
2,6130500,6131612,hete_ler,Sample_c94
2,8145551,8147480,ler_hete,Sample_c94
2,13164094,13164695,hete_col,Sample_c94
3,5203184,5228089,hete_ler,Sample_c94
3,11684371,11684554,ler_hete,Sample_c94
3,11700222,11700289,hete_ler,Sample_c94
3,12073875,12073901,ler_hete,Sample_c94
3,12100647,12100806,hete_ler,Sample_c94
3,12520057,12520347,ler_hete,Sample_c94
3,12532917,12533025,hete_ler,Sample_c94
3,12549487,12549848,ler_hete,Sample_c94
3,12570546,12571026,hete_ler,Sample_c94
3,12848380,12848387,ler_hete,Sample_c94
3,12860291,12860363,hete_ler,Sample_c94
3,14267049,14267170,ler_hete,Sample_c94
3,14285403,14287183,hete_ler,Sample_c94
3,14567192,14567204,ler_hete,Sample_c94
3,14579346,14579655,hete_ler,Sample_c94
3,14845331,14845574,ler_hete,Sample_c94
3,14866172,14866255,hete_ler,Sample_c94
3,16207312,16207325,ler_hete,Sample_c94
3,16221041,16221051,hete_ler,Sample_c94
3,16580717,16580826,ler_hete,Sample_c94
3,17082838,17083210,hete_col,Sample_c94
4,1379079,1379087,ler_hete,Sample_c94
5,10958293,10958812,ler_hete,Sample_c94
5,10976445,10976812,hete_ler,Sample_c94
5,11001831,11002166,ler_hete,Sample_c94
5,11018738,11018817,hete_ler,Sample_c94
5,11049822,11049957,ler_hete,Sample_c94
5,11060952,11060983,hete_ler,Sample_c94
5,11579119,11579234,ler_hete,Sample_c94
5,11590441,11590502,hete_ler,Sample_c94
5,12153824,12153922,ler_hete,Sample_c94
5,12200476,12200482,hete_ler,Sample_c94
5,12704892,12704926,ler_hete,Sample_c94
5,12715342,12715370,hete_ler,Sample_c94
5,13286729,13286823,ler_hete,Sample_c94
5,13308148,13308171,hete_ler,Sample_c94
5,13439404,13439713,ler_hete,Sample_c94
5,13459927,13460008,hete_ler,Sample_c94
5,23645434,23646149,ler_hete,Sample_c94
5,25197899,25199080,hete_col,Sample_c94
1,3989375,4007704,ler_hete,Sample_c95
1,4020658,4027386,hete_ler,Sample_c95
1,5934950,5938876,ler_hete,Sample_c95
1,9676251,9689780,hete_col,Sample_c95
1,9962930,9964489,col_hete,Sample_c95
2,1195832,1198628,col_hete,Sample_c95
2,1211337,1219219,hete_col,Sample_c95
2,1995826,1996603,col_hete,Sample_c95
2,2008771,2011106,hete_col,Sample_c95
2,2666761,2677675,col_hete,Sample_c95
2,2688830,2689687,hete_col,Sample_c95
2,3863485,3863615,col_hete,Sample_c95
2,3918644,3918690,hete_col,Sample_c95
2,3987309,3987707,col_hete,Sample_c95
2,4001028,4001141,hete_col,Sample_c95
2,4861187,4861983,col_hete,Sample_c95
2,4925084,4925269,hete_col,Sample_c95
2,5469733,5469792,col_hete,Sample_c95
2,5500075,5506920,hete_col,Sample_c95
2,5886278,5888066,col_hete,Sample_c95
2,5900094,5900201,hete_col,Sample_c95
2,6113441,6113452,col_hete,Sample_c95
2,6125232,6125581,hete_col,Sample_c95
2,10592151,10592223,col_hete,Sample_c95
2,10608655,10608928,hete_col,Sample_c95
3,9613060,9613273,col_hete,Sample_c95
3,9625534,9626327,hete_col,Sample_c95
3,9835136,9835366,col_hete,Sample_c95
3,18838084,18838374,hete_ler,Sample_c95
4,1891166,1891172,ler_hete,Sample_c95
4,1907165,1907171,hete_ler,Sample_c95
4,2060495,2060549,ler_hete,Sample_c95
4,2070694,2070954,hete_ler,Sample_c95
4,3678125,3678412,ler_hete,Sample_c95
4,3691769,3692006,hete_ler,Sample_c95
4,3945891,3946027,ler_hete,Sample_c95
4,3964282,3964419,hete_ler,Sample_c95
4,4132441,4132470,ler_hete,Sample_c95
4,4164151,4164186,hete_ler,Sample_c95
4,9605746,9608999,ler_hete,Sample_c95
5,1119308,1121938,col_hete,Sample_c95
5,8011744,8012218,hete_ler,Sample_c95
5,10958293,10958812,ler_hete,Sample_c95
5,10976445,10976812,hete_ler,Sample_c95
5,11001831,11002166,ler_hete,Sample_c95
5,11018738,11018817,hete_ler,Sample_c95
5,11047668,11047763,ler_hete,Sample_c95
5,11059576,11059644,hete_ler,Sample_c95
5,11360773,11360847,ler_hete,Sample_c95
5,11371595,11371646,hete_ler,Sample_c95
5,12153953,12154004,ler_hete,Sample_c95
5,12166039,12166118,hete_ler,Sample_c95
5,13287923,13287934,ler_hete,Sample_c95
5,13308961,13309262,hete_ler,Sample_c95
5,13439404,13439713,ler_hete,Sample_c95
5,13457529,13457758,hete_ler,Sample_c95
5,17584483,17584964,ler_hete,Sample_c95
5,20697982,20698205,hete_col,Sample_c95
5,26639775,26642849,col_hete,Sample_c95
